"Kod";"Nazwa";"ogółem";"0-4";"5-9";"10-14";"15-19";"20-24";"25-29";"30-34";"35-39";"40-44";"45-49";"50-54";"55-59";"60-64";"65-69";"70 i więcej";"70-74";"75-79";"80-84";"85 i więcej";"0-14";
0201000;"Powiat bolesławiecki";89762;4182;4260;4868;4175;4739;5760;6740;7331;7275;6491;5167;5597;6776;6170;10231;4392;2187;1896;1756;13310;
0202000;"Powiat dzierżoniowski";99935;3924;4295;4772;4234;4712;5857;6812;8221;8068;6957;5875;6495;8214;7893;13606;5624;2633;2613;2736;12991;
0203000;"Powiat głogowski";88447;3800;4409;5180;4263;4572;5018;6037;7434;7766;6482;4727;4940;6563;7042;10214;5451;1992;1571;1200;13389;
0204000;"Powiat górowski";34552;1493;1673;1917;1866;2121;2539;2428;2670;2529;2371;2046;2177;2581;2324;3817;1704;796;635;682;5083;
0205000;"Powiat jaworski";49734;2112;2170;2608;2251;2613;3103;3574;4123;3976;3347;2919;3261;4102;3795;5780;2664;1065;946;1105;6890;
0206000;"Powiat karkonoski";63333;2279;2646;3181;2969;3147;3709;4189;5246;5414;4794;3819;4090;5388;5290;7172;3503;1274;1170;1225;8106;
0207000;"Powiat kamiennogórski";42824;1644;1760;2195;2019;2371;2739;2896;3456;3399;3001;2487;2944;3387;3204;5322;2360;933;1072;957;5599;
0208000;"Powiat kłodzki";156283;5718;6458;7651;6526;7631;9562;10346;12725;12893;10821;8967;10314;13126;12290;21255;9471;4083;3978;3723;19827;
0209000;"Powiat legnicki";55110;2543;2712;3111;2692;2948;3595;3831;4665;4446;3938;3273;3503;4276;3747;5830;2623;1101;1027;1079;8366;
0210000;"Powiat lubański";53852;2050;2272;2694;2524;2918;3540;3685;4403;4398;4071;3054;3345;4102;4221;6575;3166;1237;1096;1076;7016;
0211000;"Powiat lubiński";105896;4949;5167;5595;4765;5150;6213;6997;8435;9159;7950;5949;6062;7759;8058;13688;6704;2899;2340;1745;15711;
0212000;"Powiat lwówecki";45599;1828;2014;2227;2251;2493;3145;3265;3754;3573;3031;2631;2951;3776;3508;5152;2381;964;862;945;6069;
0213000;"Powiat milicki";36800;1808;1936;2222;2115;2038;2276;2564;3087;2902;2508;2002;2124;2578;2539;4101;1961;836;669;635;5966;
0214000;"Powiat oleśnicki";107268;5495;5548;5977;5139;5575;6998;8005;9277;8765;7678;6332;6400;7175;6950;11954;5506;2542;2023;1883;17020;
0215000;"Powiat oławski";76733;3884;3808;4486;3480;3837;4523;5365;6728;6783;5682;4338;4389;5280;5370;8780;4269;1884;1399;1228;12178;
0216000;"Powiat polkowicki";62997;3217;3297;3736;3194;3619;4521;4573;5115;4965;4652;3989;3880;4240;3691;6308;3026;1387;1058;837;10250;
0217000;"Powiat strzeliński";43221;2012;2064;2275;1937;2344;2816;3030;3605;3459;3088;2598;2720;3307;3049;4917;2183;969;868;897;6351;
0218000;"Powiat średzki";55508;2878;2961;3284;2599;2881;3672;4179;4863;4863;4228;3298;3322;3866;3339;5275;2398;1046;960;871;9123;
0219000;"Powiat świdnicki";156015;6594;7110;7985;6789;7669;9300;11041;13299;12721;11109;9078;9891;11966;11965;19498;8673;3775;3576;3474;21689;
0220000;"Powiat trzebnicki";85226;4135;4290;5100;4186;4498;5405;6230;7355;7175;6310;4994;5004;6187;5607;8750;4232;1715;1397;1406;13525;
0221000;"Powiat wałbrzyski";55107;2089;2320;2744;2420;2728;3472;3810;4617;4424;3822;3322;3613;4672;4156;6898;2790;1327;1392;1389;7153;
0222000;"Powiat wołowski";46623;2237;2192;2309;2044;2314;3104;3449;3819;3721;3364;2862;2928;3557;3236;5487;2365;1069;1077;976;6738;
0223000;"Powiat wrocławski";156322;10664;10026;10527;7369;7288;8991;12480;15813;14790;12179;8631;7788;9064;8275;12437;5750;2530;1931;2226;31217;
0224000;"Powiat ząbkowicki";64080;2319;2783;3139;2930;3280;4208;4532;5206;4953;4631;3849;4230;5119;4886;8015;3672;1568;1374;1401;8241;
0225000;"Powiat zgorzelecki";88386;3354;3844;4440;3890;4553;5660;6020;7288;7231;6445;5282;5907;7179;6543;10750;4725;2172;2052;1801;11638;
0226000;"Powiat złotoryjski";43038;1747;1915;2346;1861;2288;2791;3120;3749;3469;3040;2397;2842;3478;3316;4679;2237;851;762;829;6008;
0261000;"Powiat m.Jelenia Góra";78335;2957;3270;3419;3010;3233;4011;5024;6493;6416;5328;4424;4800;6587;7074;12289;5205;2562;2214;2308;9646;
0262000;"Powiat m.Legnica";98436;4604;4518;4805;4077;4656;5729;7077;8365;7960;6883;5700;5973;7550;7732;12807;5892;2538;2315;2062;13927;
0264000;"Powiat m.Wrocław";641928;36540;31327;29238;22158;23201;32674;57366;68152;55668;43297;32069;32190;41934;45785;90329;36514;18134;16814;18867;97105;
0265000;"Powiat m.Wałbrzych od 2013";109971;4026;4367;4976;4559;4913;6031;7279;9219;8857;7159;6137;7177;10040;9329;15902;6545;3208;3282;2867;13369;
0401000;"Powiat aleksandrowski";54891;2398;2509;2980;2580;3088;3551;3995;4409;4149;3916;3292;3471;4161;3683;6709;2953;1485;1183;1088;7887;
0402000;"Powiat brodnicki";79023;4431;4388;4861;4144;4591;5764;6023;6568;5997;5335;4631;4850;5266;4441;7733;3398;1585;1400;1350;13680;
0403000;"Powiat bydgoski";120432;6008;6588;7881;6653;6871;7826;8532;10206;10477;9587;7871;7160;7720;6463;10589;5004;2303;1650;1632;20477;
0404000;"Powiat chełmiński";51657;2411;2632;3049;2687;3007;3556;3799;4364;3960;3626;3195;3236;3667;3116;5352;2357;1192;890;913;8092;
0405000;"Powiat golubsko-dobrzyński";44855;2290;2360;2553;2283;2857;3361;3373;3576;3294;2960;2798;2845;3040;2623;4642;1968;975;902;797;7203;
0406000;"Powiat grudziądzki";40305;1884;2224;2661;2215;2519;2947;2872;3090;3092;2952;2555;2588;2723;2224;3759;1709;775;673;602;6769;
0407000;"Powiat inowrocławski";158496;6855;7174;8203;7328;8413;10357;11280;13041;12307;11346;10020;10649;12122;10594;18807;8559;4050;3261;2937;22232;
0408000;"Powiat lipnowski";65450;3110;3436;3932;3330;4394;5060;4835;5073;4960;4506;4076;4100;4401;3754;6483;2746;1399;1154;1184;10478;
0409000;"Powiat mogileński";45482;2196;2153;2482;2193;2722;3085;3291;3626;3440;3180;2798;2971;3333;2857;5155;2352;1095;918;790;6831;
0410000;"Powiat nakielski";86119;4174;4612;5203;4625;5057;6090;6340;7241;6396;5981;5253;5338;6013;5154;8642;4038;1743;1503;1358;13989;
0411000;"Powiat radziejowski";40025;1748;1851;2049;1801;2366;3070;2818;2939;2834;2814;2644;2763;2965;2482;4881;2038;1031;909;903;5648;
0412000;"Powiat rypiński";43390;2042;2273;2543;2252;2589;3239;3011;3225;3259;2887;2613;2801;3158;2659;4839;2053;1012;868;906;6858;
0413000;"Powiat sępoleński";40826;1908;2068;2608;2072;2541;2916;3122;3212;2970;2767;2308;2565;2922;2462;4385;1897;891;825;772;6584;
0414000;"Powiat świecki";98703;4847;5089;5865;4939;5648;6735;7140;8187;7681;6881;6081;6095;7094;6247;10174;4760;2141;1792;1481;15801;
0415000;"Powiat toruński";109565;5902;6215;7340;6457;6515;7413;8056;9440;9578;8378;6563;6272;6849;5802;8785;3991;1872;1510;1412;19457;
0416000;"Powiat tucholski";48322;2556;2567;2927;2830;2922;3235;3602;3795;3435;3109;2866;3084;3571;2927;4896;2198;980;914;804;8050;
0417000;"Powiat wąbrzeski";34040;1597;1732;1968;1605;2058;2504;2366;2677;2521;2431;2158;2167;2365;2119;3772;1632;774;671;695;5297;
0418000;"Powiat włocławski";85646;3618;4013;4634;4304;5247;6250;6048;6216;6421;6382;5842;5663;6206;5201;9601;4140;1972;1751;1738;12265;
0419000;"Powiat żniński";69886;3384;3538;3943;3499;4004;4737;4982;5616;5462;4900;4095;4363;4994;4711;7658;3667;1551;1296;1144;10865;
0461000;"Powiat m.Bydgoszcz";344091;15432;14879;16357;14075;14808;19311;25320;30061;27726;23794;19754;20140;25138;25787;51509;21652;11205;9354;9298;46668;
0462000;"Powiat m.Grudziądz";93564;4245;4405;5029;4495;4519;5249;6438;7637;7226;6165;5454;6123;7445;6903;12231;5137;2711;2289;2094;13679;
0463000;"Powiat m.Toruń";198613;9928;9216;9577;8993;8671;10510;15322;18544;16348;13800;10984;11385;14381;14353;26601;11813;5774;4605;4409;28721;
0464000;"Powiat m.Włocławek";108561;4334;4680;5129;5016;5274;6305;6908;8328;8751;8107;6764;6718;8540;8444;15263;7153;3294;2554;2262;14143;
0601000;"Powiat bialski";109958;5353;5645;6250;5820;7218;8412;7843;8156;7776;7551;6944;6857;7297;6082;12754;4654;2864;2601;2635;17248;
0602000;"Powiat biłgorajski";100333;4390;4605;5376;5227;5963;6950;7169;8164;7750;6879;5996;6490;6900;6136;12338;4804;2634;2502;2398;14371;
0603000;"Powiat chełmski";77502;3322;3781;4335;3885;4716;5697;5713;6215;5967;5401;4785;4863;5502;4671;8649;3391;1897;1574;1787;11438;
0604000;"Powiat hrubieszowski";62009;2219;2654;3094;2829;3673;4456;4082;4828;4506;4163;3860;4111;4697;4227;8610;3341;1930;1618;1721;7967;
0605000;"Powiat janowski";45142;1913;1997;2360;2341;2797;3439;2991;3278;3366;3217;2944;2988;2998;2659;5854;2181;1376;1205;1092;6270;
0606000;"Powiat krasnostawski";62552;2388;2633;2921;2846;3474;4272;4060;4781;4798;4240;3730;3842;4726;4542;9299;3414;2192;1752;1941;7942;
0607000;"Powiat kraśnicki";94531;3760;4074;4821;4625;5378;6457;6431;7481;7346;6477;5827;5928;6707;6363;12856;4733;2918;2622;2583;12655;
0608000;"Powiat lubartowski";87850;3943;4488;4962;4446;5038;6284;6294;7107;6794;6114;5356;5288;5793;5511;10432;4083;2450;1906;1993;13393;
0609000;"Powiat lubelski";156493;7916;8202;9628;8451;9375;10658;10911;12693;12622;11852;10019;9134;9676;8868;16488;6444;4036;2949;3059;25746;
0610000;"Powiat łęczyński";57218;3140;3173;3140;2858;3183;4123;4736;4982;4409;3531;3327;3900;4148;3423;5145;2176;1197;857;915;9453;
0611000;"Powiat łukowski";106213;5990;6025;6381;5856;6925;7751;7844;8133;7616;6902;6159;6154;6564;6010;11903;4610;2881;2163;2249;18396;
0612000;"Powiat opolski";58706;2592;2742;3173;2527;3352;4472;4135;4446;4499;4009;3521;3621;4117;3975;7525;2971;1782;1438;1334;8507;
0613000;"Powiat parczewski";34372;1591;1727;1787;1691;2022;2398;2421;2719;2436;2275;2110;2131;2474;2226;4364;1677;1009;829;849;5105;
0614000;"Powiat puławski";112384;4639;4923;5664;5883;6086;6835;7273;8189;8343;7868;7452;7055;7885;7688;16601;6428;4179;3276;2718;15226;
0615000;"Powiat radzyński";58298;2800;2995;3338;3106;3689;4303;4042;4462;4261;3848;3517;3759;3975;3517;6686;2591;1533;1323;1239;9133;
0616000;"Powiat rycki";55530;2766;2694;2900;2877;3231;3980;3932;4243;3919;3546;3284;3419;4037;3778;6924;2801;1569;1265;1289;8360;
0617000;"Powiat świdnicki";71432;3243;3274;3755;3347;3566;4160;4964;5723;5815;5142;4394;4296;4980;4956;9817;3902;2493;1795;1627;10272;
0618000;"Powiat tomaszowski";81944;3132;3628;4172;3984;4781;5963;5598;6421;6038;5618;5117;5543;6001;5263;10685;4020;2401;2160;2104;10932;
0619000;"Powiat włodawski";37989;1707;1830;2016;1785;2141;2610;2661;2960;2797;2624;2336;2510;2710;2627;4675;1998;984;832;861;5553;
0620000;"Powiat zamojski";105354;4224;4461;5604;5437;6558;7866;7368;7990;7639;7280;6865;6974;7273;6261;13554;4894;3067;2669;2924;14289;
0661000;"Powiat m.Biała Podlaska";56942;2883;2794;2996;2739;2999;3497;4638;4788;4262;3852;3340;3623;4462;4187;5882;2680;1304;1001;897;8673;
0662000;"Powiat m.Chełm";61135;2280;2521;2900;2634;2820;3699;4357;5026;4725;4263;3750;4178;4977;4954;8051;3563;1826;1369;1293;7701;
0663000;"Powiat m.Lublin";338586;17739;16358;16225;14139;14732;17837;28308;30428;27056;23888;19364;19164;23080;23560;46708;18516;11395;8665;8132;50322;
0664000;"Powiat m.Zamość";62785;2600;2789;2973;3104;3061;3768;4553;5502;4763;4047;3690;4014;5280;4850;7791;3270;1824;1438;1259;8362;
0801000;"Powiat gorzowski";72291;3306;3830;4547;3807;4075;4979;5235;6031;6112;5419;4520;4494;5094;4301;6541;3116;1314;1030;1081;11683;
0802000;"Powiat krośnieński";54598;2401;2608;2973;2350;3129;3709;3827;4618;4464;3920;3248;3350;4134;3939;5928;2828;1192;953;955;7982;
0803000;"Powiat międzyrzecki";57100;2591;2820;3149;2535;2926;3741;4319;4783;4514;3911;3367;3692;4385;3935;6432;3081;1250;1079;1022;8560;
0804000;"Powiat nowosolski";85733;3853;4287;4928;4126;4671;5610;5884;7145;6939;5851;4840;5051;6285;6091;10172;4783;1940;1724;1725;13068;
0805000;"Powiat słubicki";46944;2176;2356;2761;2389;2577;3103;3577;4019;3780;3400;2926;3075;3451;2817;4537;2078;974;768;717;7293;
0806000;"Powiat strzelecko-drezdenecki";48621;2250;2507;2832;2318;2682;3312;3520;3894;3766;3330;2862;3007;3617;3293;5431;2545;1108;941;837;7589;
0807000;"Powiat sulęciński";35000;1714;1805;2099;1540;1909;2507;2745;3056;2637;2366;2012;2196;2592;2259;3563;1603;682;644;634;5618;
0808000;"Powiat świebodziński";55520;2808;2892;3095;2686;3071;3562;4026;4779;4430;3780;3148;3486;4112;3706;5939;2860;1150;1046;883;8795;
0809000;"Powiat zielonogórski";75673;3831;3816;4264;3514;4231;5075;5751;6482;6296;5352;4280;4558;5506;5063;7654;3645;1475;1292;1242;11911;
0810000;"Powiat żagański";78148;3418;3573;4318;3591;4312;5046;5490;6689;6274;5533;4488;4990;6086;5484;8856;4131;1639;1577;1509;11309;
0811000;"Powiat żarski";95423;4245;4417;5294;4542;5302;6346;6736;7877;7862;6974;5345;5958;7269;6762;10494;4794;2061;1851;1788;13956;
0812000;"Powiat wschowski";38613;1830;2009;2275;2066;2215;2647;2861;3138;3004;2666;2190;2305;2854;2455;4098;1970;809;671;648;6114;
0861000;"Powiat m.Gorzów Wielkopolski";122589;5806;5989;6399;5710;5313;6390;8744;10785;10644;8520;6968;6854;9078;9459;15930;7508;3276;2712;2434;18194;
0862000;"Powiat m.Zielona Góra";140892;6897;7228;7332;6501;5881;7265;9936;13087;12728;10214;7594;7833;9979;10185;18232;8179;3729;3274;3050;21457;
1001000;"Powiat bełchatowski";112443;5581;6025;6396;5109;5669;7273;8365;10139;9217;7206;6194;7486;9402;7714;10667;4999;2308;1748;1612;18002;
1002000;"Powiat kutnowski";95516;3996;4335;4547;4004;4822;6087;6362;7199;7229;6489;6248;6534;7628;6948;13088;5627;2947;2370;2144;12878;
1003000;"Powiat łaski";49736;2286;2341;2540;2262;2576;3393;3497;4106;3781;3547;3133;3157;3637;3284;6196;2725;1410;1044;1017;7167;
1004000;"Powiat łęczycki";49286;2164;2306;2487;2156;2755;3399;3323;3738;3557;3398;3115;3274;3669;3233;6712;2713;1459;1364;1176;6957;
1005000;"Powiat łowicki";77614;3564;3762;4103;3788;4380;5088;5321;6062;5758;5261;4778;4949;5507;5299;9994;4023;2329;1844;1798;11429;
1006000;"Powiat łódzki wschodni";72565;3434;3790;4277;3602;3679;4331;4782;5778;6070;5559;4767;4553;5022;4819;8102;3597;1925;1326;1254;11501;
1007000;"Powiat opoczyński";75524;3721;3846;4456;3926;4593;5403;5326;5770;5470;5014;4533;4754;5242;4694;8776;3453;1994;1718;1611;12023;
1008000;"Powiat pabianicki";118941;5262;5731;6045;4989;5466;6824;7801;9753;10067;9026;7310;7172;8639;8349;16507;7154;3746;2867;2740;17038;
1009000;"Powiat pajęczański";50952;2289;2375;2609;2309;3093;3684;3703;3765;3818;3609;3338;3165;3578;3196;6421;2559;1396;1185;1281;7273;
1010000;"Powiat piotrkowski";91208;4538;4765;5367;4976;5451;6371;6313;7048;7099;6520;5628;5268;5974;5427;10463;4157;2409;2007;1890;14670;
1011000;"Powiat poddębicki";40906;1919;1961;2079;1805;2177;2909;2885;3017;3015;2854;2772;2573;2899;2632;5409;2283;1222;1031;873;5959;
1012000;"Powiat radomszczański";111696;4827;4944;5810;5309;6272;7841;7481;8186;8378;8195;7248;7034;7885;7583;14703;6077;3324;2831;2471;15581;
1013000;"Powiat rawski";48385;2428;2546;2671;2390;2673;3313;3369;3644;3650;3241;2886;3071;3508;3132;5863;2478;1273;1110;1002;7645;
1014000;"Powiat sieradzki";116918;5551;5662;6183;5516;6783;8514;8238;8810;8454;8212;7416;7690;8045;7241;14603;6175;3281;2672;2475;17396;
1015000;"Powiat skierniewicki";38173;1881;2072;2284;1949;2181;2804;2802;2946;2763;2516;2295;2364;2504;2193;4619;1696;1038;907;978;6237;
1016000;"Powiat tomaszowski";115735;5244;5662;6439;5560;6125;7422;7531;8950;9087;8419;6961;6775;8379;8180;15001;6422;3130;2702;2747;17345;
1017000;"Powiat wieluński";75736;3358;3669;4131;3778;4353;5056;5189;5671;5881;5345;4745;4860;5385;4913;9402;4030;1955;1705;1712;11158;
1018000;"Powiat wieruszowski";41984;2107;2039;2353;2167;2465;3040;2964;3271;3185;3046;2677;2549;2879;2550;4692;2071;1057;791;773;6499;
1019000;"Powiat zduńskowolski";66064;3022;3207;3594;3235;3533;4141;4689;5298;5154;4727;4079;4104;4742;4320;8219;3669;1770;1419;1361;9823;
1020000;"Powiat zgierski";165850;7398;8167;8975;7604;8111;9611;10801;13198;13655;12726;10645;9783;11963;11530;21683;9728;4783;3755;3417;24540;
1021000;"Powiat brzeziński";30648;1475;1498;1657;1410;1592;1990;2114;2442;2446;2251;1993;1791;2162;2076;3751;1574;903;652;622;4630;
1061000;"Powiat m.Łódź";672185;29468;28160;29475;25479;26127;33986;45855;57147;55812;47100;37881;38657;52159;56152;108727;46911;23024;18367;20425;87103;
1062000;"Powiat m.Piotrków Trybunalski";72250;3115;3485;3846;3384;3557;4106;4651;5734;6057;5194;4319;4223;5244;5595;9740;4336;2244;1705;1455;10446;
1063000;"Powiat m.Skierniewice";47655;2412;2551;2626;2100;2203;2735;3181;3912;3808;3163;2772;2953;3661;3677;5901;2662;1321;1033;885;7589;
1201000;"Powiat bocheński";106947;6271;6310;6525;5587;6326;7623;8472;8652;8204;7213;6271;6328;6485;5886;10794;4384;2477;2077;1856;19106;
1202000;"Powiat brzeski";93035;4869;4945;5508;4784;5739;6929;7223;7349;7126;6476;5897;5827;5622;5019;9722;3767;2203;2035;1717;15322;
1203000;"Powiat chrzanowski";123664;5278;5695;6100;5242;5852;7445;8608;10309;10014;8380;7594;8502;9732;8600;16313;6419;3760;3298;2836;17073;
1204000;"Powiat dąbrowski";58977;2875;2859;3055;2805;3613;4553;4550;4962;4559;4228;3921;3835;3707;3095;6360;2283;1425;1381;1271;8789;
1205000;"Powiat gorlicki";108487;5433;5744;6410;5565;6429;7643;8092;8526;7966;7262;6727;7102;7183;6182;12223;4594;2702;2637;2290;17587;
1206000;"Powiat krakowski";281440;14992;15620;16755;14735;15245;17522;20599;23868;23686;20859;17450;16583;18028;16331;29167;11818;6605;5532;5212;47367;
1207000;"Powiat limanowski";132148;8625;8285;8788;8177;9304;10233;9797;10067;9272;8743;7973;7886;7253;5734;12011;4475;2740;2621;2175;25698;
1208000;"Powiat miechowski";48464;2221;2300;2466;2209;2569;3317;3385;3679;3726;3257;2863;2958;3378;3358;6778;2686;1603;1282;1207;6987;
1209000;"Powiat myślenicki";127972;7682;7616;7959;7049;7882;9425;9950;10599;9732;8731;7526;7834;7819;6548;11620;4421;2622;2472;2105;23257;
1210000;"Powiat nowosądecki";217071;13543;13308;14232;13336;14945;16943;16774;16472;15477;14574;13509;13190;11980;9552;19236;7155;4451;4074;3556;41083;
1211000;"Powiat nowotarski";191646;10317;10135;11542;10519;12306;14466;14470;15306;14174;13394;12420;11817;11115;9694;19971;7482;4717;4291;3481;31994;
1212000;"Powiat olkuski";110471;4745;5045;5657;4817;5532;6766;7644;8901;9136;7810;6456;6874;8500;8041;14547;6025;3068;2777;2677;15447;
1213000;"Powiat oświęcimski";152687;7193;7556;8175;7037;7734;9749;10936;12113;11990;10481;9637;9840;11228;9670;19348;7287;4597;4084;3380;22924;
1214000;"Powiat proszowicki";43057;2077;2086;2248;1943;2503;3163;3161;3388;3317;3011;2687;2593;2945;2710;5225;2090;1252;950;933;6411;
1215000;"Powiat suski";83761;4321;4508;5006;4390;5263;6191;6305;6534;6191;5738;5274;5229;5172;4607;9032;3453;1985;1898;1696;13835;
1216000;"Powiat tarnowski";201230;10225;10664;11464;10773;12978;15378;15394;15835;15213;14039;13202;13058;12084;9998;20925;7273;4904;4644;4104;32353;
1217000;"Powiat tatrzański";68049;3475;3727;3665;3545;3851;4745;5097;5358;5069;4598;4231;4336;4368;3967;8017;3033;1869;1615;1500;10867;
1218000;"Powiat wadowicki";159662;8689;8703;9338;8251;9217;11008;11847;12754;12409;11287;10013;9939;10430;9049;16728;6538;3890;3384;2916;26730;
1219000;"Powiat wielicki";130651;7779;7831;8262;6621;6870;8483;9956;11905;11390;9420;7800;7147;7890;7188;12109;5014;2739;2258;2098;23872;
1261000;"Powiat m.Kraków";779966;46349;36954;35365;30045;30865;42214;69719;78080;66204;53479;42399;40714;49109;50541;107929;41076;25550;20342;20961;118668;
1262000;"Powiat m.Nowy Sącz";83558;4553;4125;4553;4341;4374;5027;6163;7145;6618;5555;4931;5251;5676;5131;10115;4163;2365;1983;1604;13231;
1263000;"Powiat m.Tarnów";107498;4499;4519;4857;5024;5204;5763;7502;8945;8415;7380;6683;6922;8033;7621;16131;6156;3770;3302;2903;13875;
1401000;"Powiat białobrzeski";33329;1927;1861;1972;1829;2087;2610;2410;2495;2501;2202;1994;1920;2159;1930;3432;1424;774;631;603;5760;
1402000;"Powiat ciechanowski";88891;4418;4591;4625;4414;5006;6021;6540;6826;6447;5681;5467;5984;7049;5998;9824;4285;2027;1722;1790;13634;
1403000;"Powiat garwoliński";108634;6752;6534;6469;6093;6685;8162;7919;8426;8043;7159;6263;6259;6794;5923;11153;4332;2500;2100;2221;19755;
1404000;"Powiat gostyniński";44581;1846;1988;2319;2092;2556;3084;3032;3457;3269;3259;2839;2839;3455;2911;5635;2470;1238;988;939;6153;
1405000;"Powiat grodziski";97462;5669;5954;6359;4941;4806;5441;6375;8167;8551;7528;5758;5254;6119;5992;10548;4359;2417;1925;1847;17982;
1406000;"Powiat grójecki";97979;5242;5216;5454;4827;5359;6438;6566;7649;7813;6914;5893;5802;6895;6585;11326;4595;2557;2150;2024;15912;
1407000;"Powiat kozienicki";59592;2740;2879;3033;2921;3475;4204;4086;4531;4358;4079;3501;3561;4602;4526;7096;3061;1488;1227;1320;8652;
1408000;"Powiat legionowski";119882;6384;7018;8138;6242;5894;6247;7647;10261;12070;9693;6854;6040;7155;7929;12310;5921;2657;1991;1741;21540;
1409000;"Powiat lipski";33598;1462;1551;1674;1551;1777;2396;2310;2452;2356;2162;2108;2267;2610;2376;4546;1769;1064;818;895;4687;
1410000;"Powiat łosicki";30556;1534;1611;1655;1416;1827;2278;2260;2171;2019;1920;1781;1977;2168;1844;4095;1525;906;832;832;4800;
1411000;"Powiat makowski";44438;2178;2349;2486;2318;2776;3287;3077;3268;3099;2762;2744;2898;3191;2874;5131;2099;1006;1005;1021;7013;
1412000;"Powiat miński";154951;8844;9275;9556;8007;8442;9636;10932;12910;12797;11170;9071;8903;9939;9009;16460;6404;3793;3167;3096;27675;
1413000;"Powiat mławski";72269;3609;3651;4067;3629;4527;5360;5246;5739;5205;4708;4535;4735;5089;4205;7964;3288;1631;1535;1510;11327;
1414000;"Powiat nowodworski";79265;4071;4208;4478;3869;4186;4950;5685;6811;6473;5703;4639;4764;5840;5191;8397;3671;1802;1479;1445;12757;
1415000;"Powiat ostrołęcki";88497;4804;4843;5428;4678;6104;7245;6705;6813;6207;5950;5835;5921;5335;4221;8408;2890;1807;1883;1828;15075;
1416000;"Powiat ostrowski";71790;3457;3436;3863;3639;4536;5166;5077;5332;5125;4746;4464;4557;5145;4401;8846;3212;2018;1735;1881;10756;
1417000;"Powiat otwocki";124283;6720;6825;7545;6204;6097;7206;8088;9872;10241;9236;7645;7274;8479;7730;15121;5856;3630;2881;2754;21090;
1418000;"Powiat piaseczyński";190606;11940;11586;13143;10352;8966;9951;12564;16372;18216;16082;11526;9714;10917;10721;18556;8126;4259;3314;2857;36669;
1419000;"Powiat płocki";110742;5154;5514;6438;5818;6909;8259;7780;8314;8702;8450;7477;6865;7082;6216;11764;5021;2612;2054;2077;17106;
1420000;"Powiat płoński";86671;4310;4288;4892;4442;5163;6103;5976;6737;6609;5957;5258;5460;6129;5538;9809;4150;2105;1800;1754;13490;
1421000;"Powiat pruszkowski";166679;9420;9621;9991;7898;7529;8536;10643;14702;15043;12887;9929;9004;10635;10676;20165;8275;4730;3775;3385;29032;
1422000;"Powiat przasnyski";52101;2847;2809;3068;2869;3212;3743;3781;3888;3646;3374;3148;3415;3563;3081;5657;2212;1186;1162;1097;8724;
1423000;"Powiat przysuski";41126;1915;1961;2060;2209;2546;3099;2883;3021;2826;2709;2519;2788;2965;2418;5207;1855;1177;1084;1091;5936;
1424000;"Powiat pułtuski";51741;2788;2768;2863;2685;3144;3765;3779;4002;3960;3483;3058;3139;3648;3022;5637;2381;1169;1101;986;8419;
1425000;"Powiat radomski";152190;7991;8198;9194;8515;9716;11202;11230;12507;11696;10677;9061;8878;9905;8930;14490;6026;3319;2663;2482;25383;
1426000;"Powiat siedlecki";81385;4380;4533;4801;4487;5404;6150;5979;6054;5917;5433;4961;5021;4894;4426;8945;3187;2150;1779;1829;13714;
1427000;"Powiat sierpecki";51534;2432;2541;2801;2831;3261;3884;3761;3721;3726;3390;3410;3421;3629;3001;5725;2314;1196;1165;1050;7774;
1428000;"Powiat sochaczewski";84804;4520;4466;4812;4157;4493;5524;6172;6842;6626;5842;5111;5145;6129;5322;9643;3941;2159;1778;1765;13798;
1429000;"Powiat sokołowski";53294;2506;2621;2761;2500;3199;3769;3689;3816;3545;3492;3260;3467;3916;3673;7080;2583;1615;1376;1506;7888;
1430000;"Powiat szydłowiecki";39340;1772;1957;2140;2070;2459;2856;2829;3216;3036;2800;2251;2434;2704;2443;4373;1765;896;821;891;5869;
1432000;"Powiat warszawski zachodni";120144;6335;6769;7863;6336;5963;6568;7864;9713;10510;9537;7399;6757;8001;7503;13026;5523;2886;2297;2320;20967;
1433000;"Powiat węgrowski";65410;3500;3488;3518;3260;3949;4732;4636;4805;4814;4284;3935;3971;4385;4197;7936;3087;1743;1486;1620;10506;
1434000;"Powiat wołomiński";252408;16995;15771;16642;13391;12810;15418;18878;22770;23009;19142;14298;13152;14300;13315;22517;9346;5220;4397;3554;49408;
1435000;"Powiat wyszkowski";74210;4348;4172;4461;3896;4433;5295;5628;5988;5452;5062;4526;4519;4938;4032;7460;3002;1744;1474;1240;12981;
1436000;"Powiat zwoleński";35875;1760;1854;1985;1792;2212;2754;2605;2767;2623;2359;2194;2223;2470;2163;4114;1564;935;788;827;5599;
1437000;"Powiat żuromiński";38202;1771;1909;2116;1944;2409;2954;2745;2660;2539;2646;2482;2591;2647;2160;4629;1795;990;922;922;5796;
1438000;"Powiat żyrardowski";75370;3878;3966;4409;3596;3821;4586;5028;6074;6371;5317;4526;4362;5243;5274;8919;3946;2023;1568;1382;12253;
1461000;"Powiat m.Ostrołęka";51656;2613;2613;2639;2791;2601;3021;3613;4377;3982;3193;3057;3285;4245;3976;5650;2545;1263;1001;841;7865;
1462000;"Powiat m.Płock";118268;5480;5721;5955;5311;5624;6563;7784;9711;9986;8557;7365;6946;8285;8920;16060;7498;3760;2696;2106;17156;
1463000;"Powiat m.Radom";209296;9597;9827;10761;9859;10492;12710;14527;17293;16830;14206;12139;12727;15731;15680;26917;10940;6125;4991;4861;30185;
1464000;"Powiat m.Siedlce";77813;4908;4489;4298;3804;3568;4544;5948;6882;6286;4972;3994;4180;5396;5570;8974;3962;2090;1541;1381;13695;
1465000;"Powiat m. st. Warszawa";1794166;105383;94335;91967;67244;61840;84998;144738;178765;166787;132314;91588;85663;111662;121469;255413;94579;54939;49100;56795;291685;
1601000;"Powiat brzeski";89282;3890;4171;4972;3957;4857;5826;6453;7490;6974;6275;5379;5672;6649;6031;10686;4712;2144;1995;1835;13033;
1602000;"Powiat głubczycki";45015;1674;1846;2206;2058;2411;2961;3248;3595;3201;3122;2924;3153;3603;3165;5848;2518;1233;1079;1018;5726;
1603000;"Powiat kędzierzyńsko-kozielski";93001;3697;3914;4268;3935;4592;5525;6950;7252;6941;6584;6796;6856;6879;5753;13059;4788;2975;3043;2253;11879;
1604000;"Powiat kluczborski";65026;2708;2735;2973;2852;3506;4363;4964;5361;5008;4587;4407;4634;4699;4114;8115;3218;1821;1640;1436;8416;
1605000;"Powiat krapkowicki";63196;2705;2781;2745;2619;3166;4022;4829;5001;5007;4570;4687;4754;4548;4019;7743;2615;1743;1960;1425;8231;
1606000;"Powiat namysłowski";42543;2095;1927;2304;1952;2313;2804;3159;3540;3409;2781;2533;2816;3190;2830;4890;2165;1006;899;820;6326;
1607000;"Powiat nyski";134864;5248;5537;6394;5939;7149;8725;9851;11028;10600;9502;8298;8992;10487;9839;17275;7600;3415;3224;3036;17179;
1608000;"Powiat oleski";63788;2817;2876;2884;2820;3307;4094;4916;4881;4730;4505;4526;4827;4615;4211;7779;2813;1729;1776;1461;8577;
1609000;"Powiat opolski";123532;5435;5491;5631;5508;5959;7313;9025;10121;9991;9391;9346;9451;8982;7611;14277;4890;3031;3437;2919;16557;
1610000;"Powiat prudnicki";54765;2384;2510;2666;2434;2857;3696;4194;4249;3999;3795;3552;3860;4018;3604;6947;2573;1456;1566;1352;7560;
1611000;"Powiat strzelecki";73923;3384;3475;3242;3083;3636;4680;5984;6095;5552;5233;5355;5626;5268;4320;8990;2951;2016;2272;1751;10101;
1661000;"Powiat m.Opole";127839;6586;5653;5800;4854;5065;5941;9303;11657;11050;9272;7602;7753;9367;9314;18622;7534;4212;3566;3310;18039;
1801000;"Powiat bieszczadzki";21489;891;981;1112;899;1247;1664;1599;1768;1723;1461;1376;1427;1717;1364;2260;969;487;439;365;2984;
1802000;"Powiat brzozowski";65373;3349;3350;3704;3494;4084;4872;4975;4885;4952;4521;4082;4037;4210;3545;7313;2741;1629;1480;1463;10403;
1803000;"Powiat dębicki";134991;6920;6972;7615;7004;7839;9800;10663;11204;10211;9081;8357;8651;8846;7456;14372;5413;3272;3048;2639;21507;
1804000;"Powiat jarosławski";119727;5584;5793;6381;6215;7234;8480;9156;9842;9155;8211;7401;7469;8085;7281;13440;5398;3066;2587;2389;17758;
1805000;"Powiat jasielski";112863;4864;5149;5807;5578;6637;8087;8346;8853;8653;8131;7445;7643;7750;6718;13202;4958;2988;2749;2507;15820;
1806000;"Powiat kolbuszowski";62039;2895;2842;3368;3216;4032;4853;4843;5034;4834;4562;4056;4061;3661;3146;6636;2418;1511;1377;1330;9105;
1807000;"Powiat krośnieński";111905;5460;5670;6376;6024;6854;7754;8116;8682;8473;7760;7121;7106;7354;6435;12720;4951;2739;2556;2474;17506;
1808000;"Powiat leżajski";68996;3221;3277;3694;3661;4308;5065;5159;5447;5303;4948;4362;4363;4477;4050;7661;3045;1657;1520;1439;10192;
1809000;"Powiat lubaczowski";54711;2322;2475;2872;2570;3255;4198;4051;4362;4113;3879;3480;3810;3741;3177;6406;2463;1399;1339;1205;7669;
1810000;"Powiat łańcucki";81226;4651;4419;4638;4172;4794;5713;6142;6669;6170;5559;4726;4913;4923;4431;9306;3439;2170;1847;1850;13708;
1811000;"Powiat mielecki";136441;6964;6866;7435;6937;7733;9650;10424;11372;10794;9148;8252;8451;8864;7941;15610;5948;3372;3154;3136;21265;
1812000;"Powiat niżański";66221;2894;2767;3397;3219;4031;5200;5301;5315;4837;4705;4453;4641;4636;3676;7149;2755;1469;1491;1434;9058;
1813000;"Powiat przemyski";73919;3429;3538;4152;3817;4917;5933;5627;5795;5471;5336;4814;4766;4764;3958;7602;2812;1720;1550;1520;11119;
1814000;"Powiat przeworski";77979;3836;3873;4348;3873;4793;5861;5947;6137;5855;5486;4726;4944;5106;4372;8822;3337;2030;1797;1658;12057;
1815000;"Powiat ropczycko-sędziszowski";74573;4329;4047;4325;4055;4557;5507;5831;5903;5858;5166;4656;4409;4319;3898;7713;2948;1765;1552;1448;12701;
1816000;"Powiat rzeszowski";170550;9499;9492;9961;9160;10034;12057;13269;14201;13263;12301;10921;10220;9876;8396;17900;6508;4130;3783;3479;28952;
1817000;"Powiat sanocki";93818;4051;4303;5068;4784;5270;6114;6815;7647;7413;6645;5707;6149;6803;6114;10935;4611;2339;2124;1861;13422;
1818000;"Powiat stalowowolski";105431;4435;4509;5139;4977;5714;6980;7543;8592;8651;7468;6402;6468;7698;7892;12963;5701;2723;2366;2173;14083;
1819000;"Powiat strzyżowski";61161;2997;2929;3212;3159;3766;4482;4576;4756;4773;4470;3908;4033;3841;3314;6945;2473;1652;1545;1275;9138;
1820000;"Powiat tarnobrzeski";52720;2295;2205;2690;2652;3171;3686;3852;4276;4099;4008;3429;3238;3700;3298;6121;2504;1330;1216;1071;7190;
1821000;"Powiat leski";26375;1158;1163;1342;1202;1543;1800;1869;2024;2135;1910;1742;1789;1854;1641;3203;1266;651;663;623;3663;
1861000;"Powiat m.Krosno";45944;1898;2080;2252;2136;2214;2417;3135;3866;3886;3201;2519;2865;3439;3580;6456;2734;1458;1246;1018;6230;
1862000;"Powiat m.Przemyśl";59779;2513;2559;2896;2631;2941;3387;4034;4857;4803;4157;3605;3963;4724;4479;8230;3266;2003;1560;1401;7968;
1863000;"Powiat m.Rzeszów";196638;11868;10544;9611;9554;9917;10948;18289;19338;15913;12420;9998;10565;12587;12448;22638;8853;5110;4335;4340;32023;
1864000;"Powiat m.Tarnobrzeg";46360;1780;1797;2196;2154;2272;2828;3045;3462;3637;3526;3157;3173;3426;3304;6603;2861;1619;1237;886;5773;
2001000;"Powiat augustowski";57651;2529;2567;3011;2806;3427;4181;4165;4386;4210;4081;3864;3974;4011;3284;7155;2660;1526;1517;1452;8107;
2002000;"Powiat białostocki";150845;7531;7621;8448;7187;8140;10179;11220;12609;11886;10724;9718;10039;10202;8549;16792;6214;3890;3318;3370;23600;
2003000;"Powiat bielski";53695;2333;2399;2625;2411;2827;3552;3740;3979;3536;3395;3452;3696;4051;3374;8325;2542;2096;1749;1938;7357;
2004000;"Powiat grajewski";46792;2100;2172;2489;2210;2985;3390;3363;3659;3521;3237;3094;3186;3384;2687;5315;2034;1220;1027;1034;6761;
2005000;"Powiat hajnowski";41991;1545;1688;1736;1777;1954;2559;2628;3040;2903;2596;2469;3098;3634;3109;7255;2347;1690;1481;1737;4969;
2006000;"Powiat kolneński";37887;1732;1767;2059;1804;2583;3227;2786;2750;2778;2577;2676;2580;2497;1864;4207;1447;1031;859;870;5558;
2007000;"Powiat łomżyński";50819;2422;2591;2846;2634;3369;4034;3712;3787;3664;3608;3449;3354;3200;2600;5549;1917;1273;1090;1269;7859;
2008000;"Powiat moniecki";40070;1631;1658;1961;1807;2481;3248;3054;3047;2806;2729;2686;2767;2728;2289;5178;1728;1137;1083;1230;5250;
2009000;"Powiat sejneński";19689;779;860;964;944;1260;1431;1286;1439;1417;1430;1275;1369;1413;1200;2622;920;568;568;566;2603;
2010000;"Powiat siemiatycki";43618;1630;1657;2016;1881;2742;3358;2876;3031;2920;2998;3061;3003;3334;2674;6437;2072;1552;1347;1466;5303;
2011000;"Powiat sokólski";65883;2587;2842;3220;2957;3831;4923;4482;4966;4749;4576;4544;4540;4773;4027;8866;3083;2064;1854;1865;8649;
2012000;"Powiat suwalski";35577;1809;1763;2039;1989;2409;2831;2632;2561;2324;2452;2325;2338;2286;1845;3974;1411;838;818;907;5611;
2013000;"Powiat wysokomazowiecki";56408;2776;2796;3053;2720;3527;4155;4012;4169;3905;3709;3494;3673;3935;3172;7312;2517;1693;1548;1554;8625;
2014000;"Powiat zambrowski";43191;2073;2096;2333;2077;2641;3016;3145;3486;3006;2922;2766;3037;3118;2420;5055;1792;1181;1109;973;6502;
2061000;"Powiat m.Białystok";296958;16707;14159;14606;13526;12918;17203;25165;26748;23716;20736;17778;17829;21212;18342;36313;13450;8750;7210;6903;45472;
2062000;"Powiat m.Łomża";62573;3081;2862;3138;3393;3162;3664;4698;5489;4782;4007;3740;4411;5071;4318;6757;2916;1533;1179;1129;9081;
2063000;"Powiat m.Suwałki";69639;3728;3342;3904;3596;3730;4990;5489;5881;5125;4553;4270;4833;5262;4099;6837;2926;1452;1262;1197;10974;
2201000;"Powiat bytowski";79114;4633;4510;4743;4177;4935;5889;6118;6221;5727;5257;4607;4974;5400;4624;7299;3412;1492;1281;1114;13886;
2202000;"Powiat chojnicki";97661;5768;5361;6216;5353;5873;6769;6998;7772;7225;6743;5727;5937;6334;5883;9702;4205;2062;1845;1590;17345;
2203000;"Powiat człuchowski";55835;2662;2826;3294;2913;3142;3815;4179;4505;4234;3652;3210;3687;4401;3666;5649;2661;1158;916;914;8782;
2204000;"Powiat gdański";120327;7569;7615;8192;6249;6367;7635;9599;11495;10872;9017;6736;6303;6907;6141;9630;4580;1969;1595;1486;23376;
2205000;"Powiat kartuski";141892;11442;9999;10419;8767;8825;10084;11253;11114;10574;9392;7946;7802;7579;6344;10352;4527;2145;2016;1664;31860;
2206000;"Powiat kościerski";72923;4536;4352;4857;4139;4517;5024;5545;5673;5279;4890;4273;4442;4616;3935;6845;3031;1445;1296;1073;13745;
2207000;"Powiat kwidzyński";82963;4133;4471;5168;4669;4923;5666;5948;7064;6840;5835;4820;4997;5657;5136;7636;3667;1548;1293;1128;13772;
2208000;"Powiat lęborski";66083;3433;3499;4008;3337;3859;4604;4979;5318;4920;4398;3934;3999;4731;4396;6668;3100;1384;1136;1048;10940;
2209000;"Powiat malborski";63204;2914;3068;3685;3104;3489;4177;4450;5325;4958;4270;3839;3975;4806;4294;6850;3012;1463;1219;1156;9667;
2210000;"Powiat nowodworski";35438;1523;1770;2049;1703;2152;2526;2622;2853;2757;2405;2124;2361;2672;2442;3479;1533;715;622;609;5342;
2211000;"Powiat pucki";87568;4994;5168;5731;4914;5164;5780;6627;7308;6854;6449;5303;5335;5511;4771;7659;3531;1712;1355;1061;15893;
2212000;"Powiat słupski";98832;4676;5241;6081;5266;5805;6580;7204;8421;7762;7044;5799;6153;7393;6323;9084;4291;1813;1511;1469;15998;
2213000;"Powiat starogardzki";128210;6971;7075;8221;6898;7593;8969;10199;10630;9359;8534;7658;7991;8471;7432;12209;5285;2707;2265;1952;22267;
2214000;"Powiat tczewski";115220;5877;6187;7196;6049;6440;7475;8762;9528;9040;8144;6952;6758;7819;7029;11964;5344;2593;2192;1835;19260;
2215000;"Powiat wejherowski";219457;14400;13964;14533;11959;12433;14623;16925;18974;17727;15221;12425;12515;13185;11795;18778;8724;4048;3357;2649;42897;
2216000;"Powiat sztumski";41104;1851;2211;2430;2191;2505;2908;3040;3383;3115;2797;2495;2648;3031;2645;3854;1799;690;704;661;6492;
2261000;"Powiat m.Gdańsk";470805;27749;23239;22971;18497;18899;26295;38770;43164;39828;33033;25700;24231;29812;32901;65716;27313;14092;12326;11985;73959;
2262000;"Powiat m.Gdynia";244969;11129;11206;11667;10330;10488;12950;17518;21322;20314;18009;13926;13671;16722;17926;37791;15399;8118;7037;7237;34002;
2263000;"Powiat m.Słupsk";89780;4018;3939;4217;3645;4081;5098;6091;7583;7101;6111;5144;5699;7020;7152;12881;5703;2678;2320;2180;12174;
2264000;"Powiat m.Sopot";35286;1242;1341;1299;1099;1179;1576;2577;3003;2796;2485;2024;2015;2635;2867;7148;2683;1477;1280;1708;3882;
2401000;"Powiat będziński";147259;5806;6691;7424;6193;6491;7545;9292;12385;13164;11086;8859;8814;11620;11499;20390;8776;4680;3781;3153;19921;
2402000;"Powiat bielski";166348;8987;9169;9605;8216;8594;10563;12259;13687;13564;11814;10222;10428;11086;10185;17969;7357;4308;3539;2765;27761;
2403000;"Powiat cieszyński";177536;8997;9630;9933;8563;9335;11098;12307;13998;14106;12426;11039;11327;12212;11894;20671;8586;5123;3896;3066;28560;
2404000;"Powiat częstochowski";134106;5693;6047;7017;6217;7256;8974;9176;10481;10747;10019;8770;8865;9930;8974;15940;6507;3606;2986;2841;18757;
2405000;"Powiat gliwicki";115416;5625;5973;6189;5088;5589;6880;8535;9793;9182;8186;7639;7984;8136;6984;13633;4900;3507;2939;2287;17787;
2406000;"Powiat kłobucki";84330;3712;3848;4412;3963;4725;5775;6041;6418;6434;6222;5698;5598;5932;5199;10353;4099;2504;1975;1775;11972;
2407000;"Powiat lubliniecki";76109;3815;3715;4051;3614;3892;4953;5852;6237;5885;5393;5150;5339;5238;4474;8501;3223;2123;1797;1358;11581;
2408000;"Powiat mikołowski";99202;5415;5662;5710;4695;4765;5801;7357;8771;8021;7040;6181;6181;6884;6052;10667;4036;2832;2140;1659;16787;
2409000;"Powiat myszkowski";70486;3049;3341;3506;3212;3395;4228;4771;5627;5692;5034;4419;4639;5455;5068;9050;3718;2090;1738;1504;9896;
2410000;"Powiat pszczyński";111814;6417;6693;6797;5553;6086;7323;8903;9471;8423;7363;7032;7906;7886;5880;10081;3956;2555;2092;1478;19907;
2411000;"Powiat raciborski";107410;4688;4759;4899;4766;5198;6548;8287;8912;8436;7575;7509;8303;7964;6703;12863;4446;2879;3250;2288;14346;
2412000;"Powiat rybnicki";78166;4195;4422;4509;3750;4019;4896;6153;6566;5919;5362;5007;5299;5520;4307;8242;2987;2165;1720;1370;13126;
2413000;"Powiat tarnogórski";140780;6464;6906;7206;6357;6604;7982;9940;11802;11443;10329;9152;9133;10089;9272;18101;6663;4640;3648;3150;20576;
2414000;"Powiat bieruńsko-lędziński";59823;3212;3448;3445;2839;2998;3791;4726;5080;4540;4052;3985;4194;4365;3310;5838;2234;1551;1174;879;10105;
2415000;"Powiat wodzisławski";156579;7668;7968;8551;7177;7903;9516;11744;12692;11798;10904;10261;10968;10660;9324;19445;7229;5177;4206;2833;24187;
2416000;"Powiat zawierciański";116672;4582;5131;5739;4978;5641;6893;7574;8955;9487;8501;7276;7586;9054;8897;16378;7231;3589;2995;2563;15452;
2417000;"Powiat żywiecki";152199;7537;7762;8451;7596;8740;10610;11347;11913;11431;10896;9818;9904;10116;8977;17101;6815;3929;3369;2988;23750;
2461000;"Powiat m.Bielsko-Biała";169756;8214;8413;8707;7259;7412;9089;11498;14429;14259;11580;9734;9758;12016;12756;24632;10251;5733;4573;4075;25334;
2462000;"Powiat m.Bytom";163255;6891;7211;7765;6780;7744;9871;12392;13343;12536;11455;10640;10749;12088;10600;23190;8347;5952;4778;4113;21867;
2463000;"Powiat m.Chorzów";106846;5006;5157;5589;4560;5244;6399;7763;8672;8436;8067;7118;6370;6911;6603;14951;5562;3912;3081;2396;15752;
2464000;"Powiat m.Częstochowa";217530;8486;9317;10080;9099;9645;11053;13841;17487;17505;15313;13025;14196;18076;18057;32350;13610;6931;6113;5696;27883;
2465000;"Powiat m.Dąbrowa Górnicza";118285;4718;5171;5886;4713;4725;5671;7840;10293;11195;8192;6510;7046;10143;10697;15485;7072;3378;2697;2338;15775;
2466000;"Powiat m.Gliwice";177049;8499;8568;8486;6960;8456;9443;11705;15709;14508;12105;10507;10713;13499;13174;24717;9636;5876;4888;4317;25553;
2467000;"Powiat m.Jastrzębie-Zdrój";88038;3836;4061;4641;4122;4680;5791;6191;6463;6208;7287;6208;5265;5194;5260;12831;6164;3248;2246;1173;12538;
2468000;"Powiat m.Jaworzno";90368;4005;4133;4438;3733;4131;5356;6831;7788;6946;6109;5857;6461;7350;5914;11316;4364;2654;2421;1877;12576;
2469000;"Powiat m.Katowice";290553;13212;12322;12428;10411;11830;16352;22066;25091;22180;19104;18054;19118;22456;20593;45336;16502;11614;9256;7964;37962;
2470000;"Powiat m.Mysłowice";74559;3823;3855;4003;3298;3272;4422;5831;6581;5764;4927;4537;5303;5816;4510;8617;3377;2251;1737;1252;11681;
2471000;"Powiat m.Piekary Śląskie";54702;2408;2636;2757;2224;2538;3206;4146;4557;4232;3616;3279;3646;4468;3811;7178;2587;1996;1541;1054;7801;
2472000;"Powiat m.Ruda Śląska";136423;6837;7046;7180;6030;6653;8368;10081;11255;10689;9159;8319;9184;10296;8885;16441;6317;4464;3382;2278;21063;
2473000;"Powiat m.Rybnik";137128;6810;7262;7431;6092;6586;8138;10143;11721;11166;9350;8195;9022;10048;8944;16220;6371;4205;3301;2343;21503;
2474000;"Powiat m.Siemianowice Śląskie";66270;3090;3131;3167;2662;2903;3652;4763;5637;5204;4537;4065;4283;5346;4676;9154;3615;2329;1920;1290;9388;
2475000;"Powiat m.Sosnowiec";197586;7613;8098;8734;7213;8107;9874;12789;16451;17402;13952;11320;12412;16453;17683;29485;13166;6513;5392;4414;24445;
2476000;"Powiat m.Świętochłowice";49108;2223;2315;2446;2185;2327;2858;3531;4001;3918;3310;3184;3072;3744;3515;6479;2428;1672;1273;1106;6984;
2477000;"Powiat m.Tychy";126871;6091;6423;6595;5268;5110;6672;9166;11866;11587;8155;6231;7292;10833;10414;15168;6625;3402;2774;2367;19109;
2478000;"Powiat m.Zabrze";170924;7489;7311;8087;6958;8030;9992;13191;13860;12605;11935;11551;12113;13407;10541;23854;7762;5661;5208;5223;22887;
2479000;"Powiat m.Żory";62844;3147;3526;3714;2945;2994;3416;4398;5831;6116;4599;2938;3098;4618;5112;6392;3437;1481;886;588;10387;
2601000;"Powiat buski";71125;2792;3116;3566;3418;3812;4569;4666;5588;5373;5242;4406;4406;5265;4779;10127;3918;2187;1884;2138;9474;
2602000;"Powiat jędrzejowski";84908;3752;4105;4632;4149;4667;5728;5729;6788;6732;5757;4812;4933;6163;6133;10828;4612;2363;1934;1919;12489;
2603000;"Powiat kazimierski";33340;1209;1281;1579;1411;1790;2315;2288;2670;2535;2332;2164;2233;2488;2298;4747;1727;1081;949;990;4069;
2604000;"Powiat kielecki";210992;10509;11059;12010;11029;13013;15541;15987;17470;16700;15035;13101;13150;14053;11735;20600;8354;4274;3988;3984;33578;
2605000;"Powiat konecki";79072;2951;3412;3855;3644;4324;5268;5165;6012;6034;5602;4982;5148;5991;5647;11037;4544;2340;2081;2072;10218;
2606000;"Powiat opatowski";51525;1948;2178;2633;2579;2909;3675;3402;3885;3883;3566;3129;3450;3800;3849;6639;2583;1396;1323;1337;6759;
2607000;"Powiat ostrowiecki";107711;3545;4221;5138;4920;5666;6315;6731;8414;8545;7363;6429;7275;9205;8657;15287;6388;3233;2987;2679;12904;
2608000;"Powiat pińczowski";38487;1565;1664;1752;1755;2166;2581;2679;2860;2792;2526;2411;2529;2972;2812;5423;2136;1208;1017;1062;4981;
2609000;"Powiat sandomierski";76346;3025;3214;3698;3660;4289;5200;5264;5827;5699;5438;4894;4921;5517;5164;10536;4131;2358;2052;1995;9937;
2610000;"Powiat skarżyski";73163;2552;3005;3277;3024;3599;4474;4861;5668;5591;4910;4420;4835;6281;5902;10764;4332;2151;2129;2152;8834;
2611000;"Powiat starachowicki";88549;3462;3788;4432;4011;4613;5813;5975;6900;6536;5882;5329;5854;6863;6296;12795;4817;2748;2731;2499;11682;
2612000;"Powiat staszowski";71250;3159;3370;3730;3401;4254;5040;4920;5418;5444;4870;4351;4481;5309;4758;8745;3670;1870;1584;1621;10259;
2613000;"Powiat włoszczowski";44743;1984;2041;2331;2282;2501;3222;3060;3517;3328;3036;2737;2800;3196;3001;5707;2369;1285;1039;1014;6356;
2661000;"Powiat m.Kielce";193415;9030;8421;8979;7538;7901;10445;14701;16968;15830;13472;10805;11288;14145;14821;29071;12313;6522;5482;4754;26430;
2801000;"Powiat bartoszycki";56562;2458;2625;3074;2604;3136;3861;3989;4555;4336;3857;3473;4077;4409;3772;6336;2656;1358;1212;1110;8157;
2802000;"Powiat braniewski";40776;1852;1957;2080;1839;2510;3099;2972;3222;3022;2885;2600;2864;3132;2575;4167;1852;842;786;687;5889;
2803000;"Powiat działdowski";64768;3067;3449;3879;3466;4008;4661;4644;5040;4811;4426;4074;4317;4556;4004;6366;2810;1413;1135;1008;10395;
2804000;"Powiat elbląski";56986;2599;2911;3299;3094;3590;3947;4117;4682;4422;3869;3426;3670;4255;3644;5461;2248;1095;1038;1080;8809;
2805000;"Powiat ełcki";91395;4532;4941;5408;5165;5192;6259;7174;8086;7262;6008;5390;5673;6410;5291;8604;3694;1811;1555;1544;14881;
2806000;"Powiat giżycki";56227;2425;2637;3075;2785;3050;3752;4034;4400;4314;3900;3515;3796;4401;3761;6382;2684;1400;1182;1116;8137;
2807000;"Powiat iławski";92644;4785;4939;5624;4881;5494;6443;6748;7466;7351;6156;5432;5691;6608;5794;9232;4108;1911;1672;1541;15348;
2808000;"Powiat kętrzyński";61772;2394;2910;3230;3126;3235;4186;4262;4883;4778;4215;3765;4349;5044;4188;7207;3077;1499;1389;1242;8534;
2809000;"Powiat lidzbarski";40852;1755;1992;2257;1936;2246;2885;2984;3294;3019;2828;2513;2825;3036;2631;4651;1883;1040;846;882;6004;
2810000;"Powiat mrągowski";49439;2135;2378;2733;2320;2814;3328;3624;4081;3826;3359;3088;3608;3916;3062;5167;2201;1149;1003;814;7246;
2811000;"Powiat nidzicki";32638;1511;1562;1816;1788;2033;2338;2223;2513;2536;2279;2127;2152;2349;1979;3432;1510;724;630;568;4889;
2812000;"Powiat nowomiejski";43721;2373;2481;2749;2321;2884;3201;3153;3356;3227;2952;2651;2723;2820;2436;4394;1926;875;826;767;7603;
2813000;"Powiat olecki";33993;1676;1759;1963;1744;2033;2529;2626;2817;2439;2180;1920;2168;2474;2075;3590;1530;710;672;678;5398;
2814000;"Powiat olsztyński";127544;5990;6783;7480;6367;7313;8753;9496;10991;10689;9342;7967;8225;9185;7757;11206;5037;2297;2018;1854;20253;
2815000;"Powiat ostródzki";103492;4825;5333;6048;5080;6093;7119;7538;8267;7912;7097;6127;6668;7780;6664;10941;4871;2283;1922;1865;16206;
2816000;"Powiat piski";55833;2544;2682;3140;3022;3424;4201;4164;4343;3931;3862;3625;3798;3864;3243;5990;2370;1367;1215;1038;8366;
2817000;"Powiat szczycieński";69089;3303;3371;3973;3369;4187;5010;5009;5545;5358;4749;4406;4634;5051;4178;6946;2932;1491;1333;1190;10647;
2818000;"Powiat gołdapski";26489;1253;1427;1583;1210;1547;1953;2042;2184;1965;1815;1582;1710;1906;1553;2759;1139;546;563;511;4263;
2819000;"Powiat węgorzewski";22444;881;1070;1144;997;1180;1550;1536;1791;1630;1551;1427;1522;1861;1513;2791;1150;567;536;538;3095;
2861000;"Powiat m.Elbląg";118582;4918;5027;6090;5656;5837;7013;8231;10192;9612;8568;6946;7230;9267;9296;14699;6709;2936;2529;2525;16035;
2862000;"Powiat m.Olsztyn";171249;8874;8037;8656;7845;7090;8100;13441;16400;14640;11956;9659;9982;12268;12223;22078;9574;4499;3958;4047;25567;
3001000;"Powiat chodzieski";46824;2207;2372;2781;2497;2704;3109;3212;3879;3970;3317;2618;2757;3370;3000;5031;2493;1010;797;731;7360;
3002000;"Powiat czarnkowsko-trzcianecki";86590;4258;4542;5275;4496;5058;5773;6123;6844;6755;6260;5320;5180;6102;5447;9157;4414;1866;1561;1316;14075;
3003000;"Powiat gnieźnieński";145068;7784;8104;8718;7289;7791;9313;10512;12112;11728;10227;8315;8484;9899;9242;15550;7441;3241;2574;2294;24606;
3004000;"Powiat gostyński";75732;4431;4198;4371;3735;4207;5480;5890;6124;5505;5047;4471;4943;5196;4381;7753;3423;1514;1506;1310;13000;
3005000;"Powiat grodziski";51929;3294;3066;3236;2780;3140;3765;4153;4373;3790;3502;2992;3099;3321;2895;4523;2139;844;804;736;9596;
3006000;"Powiat jarociński";71425;3768;3966;4157;3583;4055;4728;5455;5863;5283;4802;4295;4363;5021;4422;7664;3574;1498;1412;1180;11891;
3007000;"Powiat kaliski";82911;4366;4401;4582;4353;4915;5840;6166;6327;6376;5990;5339;5239;5332;4698;8987;3805;1970;1680;1532;13349;
3008000;"Powiat kępiński";56298;3010;3025;3252;2834;3240;3955;4190;4559;4371;4073;3443;3377;3740;3332;5897;2735;1294;1016;852;9287;
3009000;"Powiat kolski";86108;3845;4220;4836;4217;5030;6065;5945;6533;6560;6145;5427;5348;6118;5602;10217;4592;2218;1749;1658;12901;
3010000;"Powiat koniński";129904;6393;6721;7615;6965;8331;9928;9438;10225;10207;9724;8414;8063;8421;6923;12536;5450;2654;2176;2256;20729;
3011000;"Powiat kościański";78866;4379;4281;4397;3706;4404;5475;5910;6486;6044;5325;4761;5003;5524;4859;8312;3976;1502;1523;1311;13057;
3012000;"Powiat krotoszyński";76998;4123;4289;4468;3903;4503;5365;5710;6237;5756;5178;4482;4825;5395;4620;8144;3754;1647;1439;1304;12880;
3013000;"Powiat leszczyński";57911;3474;3465;3812;3246;3357;3930;4584;4891;4794;4059;3337;3247;3585;3032;5098;2556;957;875;710;10751;
3014000;"Powiat międzychodzki";36633;1889;1995;2137;1728;2132;2480;2706;2950;2810;2552;2120;2165;2589;2494;3886;1965;737;616;568;6021;
3015000;"Powiat nowotomyski";75576;4354;4427;4744;3949;4249;4946;5809;6485;6040;5211;4186;4377;4948;4320;7531;3764;1440;1221;1106;13525;
3016000;"Powiat obornicki";59821;3260;3425;3782;3137;3353;3876;4454;5322;4921;4062;3375;3398;4083;3621;5752;2881;1135;906;830;10467;
3017000;"Powiat ostrowski";161357;8277;8312;8882;7964;8549;10669;12214;13022;12559;11236;10029;10098;10962;10060;18524;8404;3833;3245;3042;25471;
3018000;"Powiat ostrzeszowski";55265;2901;2884;3260;2815;3243;3979;4109;4373;4161;3845;3392;3413;3628;3297;5965;2813;1288;1025;839;9045;
3019000;"Powiat pilski";135477;6429;6603;7775;7172;7428;8909;9702;11451;10876;9310;8141;8337;9820;8983;14541;6820;3045;2482;2194;20807;
3020000;"Powiat pleszewski";62763;3275;3206;3648;3305;3551;4329;4454;5035;5048;4468;3923;3751;4079;3934;6757;3189;1423;1166;979;10129;
3021000;"Powiat poznański";406590;27397;26277;27518;20916;19422;23385;31007;38640;38283;31631;22682;20946;23629;21459;33398;16788;6703;5471;4436;81192;
3022000;"Powiat rawicki";60188;3300;3237;3779;3171;3357;4011;4428;4814;4882;4216;3361;3500;3992;3667;6473;3166;1296;1076;935;10316;
3023000;"Powiat słupecki";58959;2902;3015;3284;2826;3517;4140;4288;4652;4651;4213;3569;3604;4112;3636;6550;3076;1298;1112;1064;9201;
3024000;"Powiat szamotulski";91745;4969;5157;5644;4843;4843;5788;6801;8077;7652;6453;5267;5258;6297;5492;9204;4459;1779;1529;1437;15770;
3025000;"Powiat średzki";59149;3634;3469;3540;2865;3197;3965;4566;5084;4730;4091;3330;3491;3992;3450;5745;2737;1085;1024;899;10643;
3026000;"Powiat śremski";61492;3510;3494;3702;3147;3401;4076;4712;5052;4837;4258;3567;3759;4058;3718;6201;3114;1210;1052;825;10706;
3027000;"Powiat turecki";83599;4127;4448;4850;4207;4819;5920;6078;6582;6351;5878;5307;5194;5753;4836;9249;3912;2091;1773;1473;13425;
3028000;"Powiat wągrowiecki";70096;3803;3890;4397;3663;4061;4918;5405;5821;5348;4642;4050;4217;4951;4120;6810;3261;1359;1204;986;12090;
3029000;"Powiat wolsztyński";57431;3498;3343;3493;3097;3362;3967;4179;4681;4401;3928;3414;3366;3613;3296;5793;2813;1176;993;811;10334;
3030000;"Powiat wrzesiński";78037;4310;4246;4735;3919;4209;5028;5950;6686;6228;5489;4544;4595;5228;4724;8146;3873;1664;1365;1244;13291;
3031000;"Powiat złotowski";69161;3465;3525;4090;3503;4144;5092;5279;5732;5345;4637;3945;4393;4964;4231;6816;3178;1355;1202;1081;11080;
3061000;"Powiat m.Kalisz";99106;4242;4691;4986;4538;4887;5566;6130;7616;8027;7336;6202;5790;7073;7434;14588;6535;3282;2541;2230;13919;
3062000;"Powiat m.Konin";72539;2957;2942;3326;3115;3564;4335;4761;5612;5513;5222;4745;4564;5397;5461;11025;4954;2552;2003;1516;9225;
3063000;"Powiat m.Leszno";62854;3146;3122;3321;2941;3113;3490;4320;5286;5166;4476;3573;3706;4401;4509;8284;3949;1671;1462;1202;9589;
3064000;"Powiat m.Poznań";532048;29410;25384;24767;19910;20293;27220;45784;52439;45612;36482;27625;27622;34767;37277;77456;33632;15318;13848;14658;79561;
3201000;"Powiat białogardzki";47304;2102;2243;2682;2338;2680;3342;3428;3843;3652;3334;2968;2837;3558;3176;5121;2427;976;856;862;7027;
3202000;"Powiat choszczeński";47970;1990;2301;2701;2181;2610;3539;3532;3916;3599;3274;2906;3121;3690;3326;5284;2491;1085;889;819;6992;
3203000;"Powiat drawski";56482;2420;2835;3097;2562;3207;3975;3976;4558;4475;3785;3219;3662;4505;3969;6237;2931;1256;1056;994;8352;
3204000;"Powiat goleniowski";82310;3974;4167;4750;3981;4631;5602;5825;6784;6856;6041;4846;4942;6092;5559;8260;4048;1718;1309;1185;12891;
3205000;"Powiat gryficki";59844;2593;2852;3350;2791;3400;4129;4372;4906;4773;4088;3485;3908;4725;4281;6191;2933;1243;963;1052;8795;
3206000;"Powiat gryfiński";81289;3448;3949;4577;3717;4594;5666;5770;6675;6569;5861;4779;5220;6255;5754;8455;4032;1695;1390;1338;11974;
3207000;"Powiat kamieński";46692;1866;1959;2335;2036;2336;3062;3307;3878;3664;3160;2670;3081;4064;3863;5411;2618;1044;869;880;6160;
3208000;"Powiat kołobrzeski";79300;3362;3429;4036;3747;4115;4558;5273;6335;6504;5688;4863;5237;6299;5934;9920;4587;2082;1702;1549;10827;
3209000;"Powiat koszaliński";66505;2965;3223;3769;3329;3996;4645;4787;5597;5392;4779;4094;4392;5187;4293;6057;2897;1193;1009;958;9957;
3210000;"Powiat myśliborski";65373;2739;3143;3600;3020;3511;4414;4652;5476;5304;4433;3876;4096;5151;4657;7301;3415;1489;1229;1168;9482;
3211000;"Powiat policki";81584;3790;4446;5362;4487;4234;4630;5590;7458;7499;6846;5027;4809;5716;5120;6570;3544;1240;909;877;13598;
3212000;"Powiat pyrzycki";39202;1652;1874;2182;1830;2190;2797;2802;3086;3023;2756;2447;2434;2991;2713;4425;2060;914;731;720;5708;
3213000;"Powiat sławieński";55777;2431;2811;3076;2902;3250;3931;3879;4335;4256;3734;3410;3539;4299;3795;6129;2821;1208;1088;1012;8318;
3214000;"Powiat stargardzki";120132;5839;5930;6518;5530;6148;8001;8780;10038;9725;8416;6930;7447;9043;8609;13178;6318;2604;2195;2061;18287;
3215000;"Powiat szczecinecki";77258;3183;3573;4147;4136;4285;5370;5359;5976;5725;5286;4726;4991;5908;5486;9107;4174;1890;1655;1388;10903;
3216000;"Powiat świdwiński";46394;1861;2119;2515;2191;2524;3335;3343;3676;3541;3224;2732;2991;3762;3365;5215;2407;1003;872;933;6495;
3217000;"Powiat wałecki";52707;2249;2540;2842;2597;2968;3709;3537;4307;4183;3755;3076;3348;4066;3754;5776;2810;1191;907;868;7631;
3218000;"Powiat łobeski";36486;1544;1778;2048;1677;2126;2588;2493;2867;2811;2392;2132;2366;2940;2623;4101;1800;838;703;760;5370;
3261000;"Powiat m.Koszalin";106235;5075;4958;5038;4116;4456;5359;7459;9466;8916;7351;5743;5984;7927;8464;15923;7050;3172;2882;2819;15071;
3262000;"Powiat m.Szczecin";398255;18710;17256;18966;17304;17460;20022;28004;36056;34036;29292;22309;22069;29575;30461;56735;23983;11503;10548;10701;54932;
3263000;"Powiat m.Świnoujście";40948;1637;1512;1888;1537;1704;2355;2771;3287;3385;3075;2498;2679;3370;3303;5947;2652;1386;1108;801;5037;
